amfi_code,cagr_1yr,cagr_3yr,cagr_5yr,sharpe,sortino,sharpe_rank,alpha,beta,max_dd,expense_ratio_pct,scheme_name,composite_score
148567,0.2037595706234765,0.33991970400445304,0.3097410750185903,1.0682238272314735,1.4907389522947083,1.0,0.2698375144191807,0.02368355807584861,-0.11265729075028275,1.46,Mirae Asset Large Cap Fund - Regular - Growth,86.25
120505,0.29627681171526876,0.3176924285223732,0.3282740607461121,0.8832556184698839,1.2858427838168305,4.0,0.2926358334175106,0.0005490042506317163,-0.18188513572116294,1.36,ICICI Pru Midcap Fund - Regular - Growth,82.875
120843,0.2667758391882715,0.2957511058901836,0.3090745475400549,0.965560651744012,1.4795034584167766,2.0,0.27330465038306057,-0.022829569792426528,-0.1297396816518679,1.45,Kotak Flexicap Fund - Regular - Growth,82.0
100033,0.5327719549540499,0.3243397122906222,0.3012315310072722,0.8082678003905593,1.1442164603950202,7.0,0.2719535450128533,0.005103525830528309,-0.16217208574644848,1.38,HDFC Mid-Cap Opportunities Fund - Regular - Growth,80.75
120504,0.13073788394478303,0.32478927222623,0.2329511862010305,0.7146822636441237,1.0639638792991957,11.0,0.2119482701352573,0.01623216976141702,-0.12588275606922517,0.8,ICICI Pru Bluechip Fund - Direct - Growth,79.375
119094,0.22277897154308546,0.35102527889035406,0.2821441719365203,0.7305467735561728,1.0552844773147765,9.0,0.2607666908004223,-0.06626542862803757,-0.20960883862039192,1.38,Axis Midcap Fund - Regular - Growth,78.25
119551,0.6048929711840034,0.3044861306002782,0.25804686425584,0.8609773262277757,1.2914833497690066,5.0,0.23201007160635082,-0.03175144113890974,-0.1501238549864533,1.54,SBI Bluechip Fund - Regular Plan - Growth,74.1875
148569,0.3978380253854239,0.2917135767741186,0.3194952310833252,0.9190465356358284,1.3528150221233657,3.0,0.2827036785246582,0.018133884083859228,-0.1639674294693263,1.6,Mirae Asset Tax Saver Fund - Regular - Growth,73.6875
119598,0.8285157468100046,0.2666309129954312,0.32423536152454613,0.7116901743847246,1.0672557743438265,13.0,0.3033696538698332,-0.023196062044059718,-0.2870600572176455,1.43,SBI Small Cap Fund - Regular Plan - Growth,68.0
101206,0.4796379447633372,0.28960211096593724,0.2353836133468803,0.7174089959890172,1.06390859680118,10.0,0.21399784776051212,0.021086316250128034,-0.11291596329323073,1.6,ABSL Frontline Equity Fund - Regular - Growth,67.5625
149324,0.6519546577826334,0.2699350260734621,0.3228744045157361,0.7144216579881012,1.0309617308730283,12.0,0.3005787817097677,0.011455159960520685,-0.31171900300634214,1.52,DSP Small Cap Fund - Regular - Growth,67.3125
149323,0.21497414349538224,0.26863103668817145,0.29581086910433996,0.8328852279505965,1.167793379907482,6.0,0.26598577542043045,-0.002523004664699231,-0.17248105753451382,1.61,DSP Midcap Fund - Regular - Growth,66.75
118632,0.340078958236512,0.22646647456747715,0.24049492662391758,0.7588510310771439,1.0988795112458638,8.0,0.21829397904608644,-0.00835383212696202,-0.17414075086657232,1.51,Nippon India Large Cap Fund - Regular - Growth,66.5625
119552,0.057101178520777784,0.16263375081360643,0.21524235873769704,0.6482414723266908,0.9265632920561696,14.0,0.1986859936686296,-0.026159307513513405,-0.11803493502764295,0.66,SBI Bluechip Fund - Direct Plan - Growth,64.75
125497,0.286975804558778,0.18429918008610047,0.19017795344711463,0.5062729716095956,0.7347975997481632,18.0,0.17729754927531766,0.048820404259577385,-0.15200013055606398,0.92,HDFC Top 100 Fund - Direct Plan - Growth,59.25
118633,0.25559539940517384,0.21084691029380598,0.16274217354504272,0.38882884600017426,0.5886328565297932,21.0,0.15643835948169668,-0.03663900671860935,-0.18629743138595511,0.72,Nippon India Large Cap Fund - Direct - Growth,58.5625
118635,0.22510248103762276,0.2000321571698329,0.15957231179671738,0.39318819691240564,0.5694261625753935,20.0,0.1513635464823924,-0.0014335213897801223,-0.1165062450540909,0.89,Nippon India ETF Nifty 50 BeES,58.375
102885,0.20222858595384663,0.19662361245910964,0.18232378887705947,0.519797145036178,0.7729719235511076,16.0,0.17048756803412696,-0.019486785689474533,-0.1085986215250232,1.57,UTI Nifty 50 Index Fund - Regular - Growth,55.0
120503,0.08495135972254553,0.13974980348212673,0.18785325598262204,0.5165503915082101,0.7329158023031636,17.0,0.17703302365844073,-0.0402689523698206,-0.13897862823061635,1.42,ICICI Pru Bluechip Fund - Regular - Growth,53.625
148568,0.14279834500870736,0.14744434832760533,0.2251686900711385,0.6406730942266643,0.9557671943813263,15.0,0.20873010086942337,-0.02638771994384303,-0.1527259422823477,1.52,Mirae Asset Emerging Bluechip Fund - Regular - Growth,53.4375
120506,0.4185299002066023,0.18417429266835228,0.1708486725575018,0.40461547832920497,0.5781364061026487,19.0,0.1625385327998104,0.041896462728119754,-0.1982565826298267,1.41,ICICI Pru Value Discovery Fund - Regular - Growth,51.75
119093,0.19781538524100495,0.20811559826631898,0.07897557854375958,-0.04707325681075887,-0.06789981210009577,28.0,0.08232801295222093,0.02588321244009315,-0.21751396370148224,0.75,Axis Bluechip Fund - Direct - Growth,48.25
102887,0.1359304393755194,0.25549670172502026,0.16841120247307528,0.3846373345033844,0.571857543023029,22.0,0.16211256794033255,0.016682689437770796,-0.21539827112383225,1.64,UTI Flexi Cap Fund - Regular - Growth,46.1875
149322,0.1812461925339035,0.1803973982038829,0.13393275924001857,0.23966336777285185,0.3329520941712112,25.0,0.13173190226099432,-0.004050271130006508,-0.14844576917771746,1.54,DSP Top 100 Equity Fund - Regular - Growth,43.6875
125498,0.15455077019290386,0.11242518737374207,0.11301817123279978,0.1347978410610397,0.19294712720125948,26.0,0.11989100971217971,0.009054412621739158,-0.21117279560132118,0.78,HDFC Mid-Cap Opportunities Fund - Direct - Growth,42.75
118634,0.158228664455887,0.080060298597036,0.16373474033415758,0.2923432510109931,0.4113036004766504,23.0,0.1750072167561127,0.10349663691337592,-0.2334488614483311,1.53,Nippon India Small Cap Fund - Regular - Growth,40.1875
120841,0.1684955152939842,0.1726301444443794,0.1353221114899239,0.2551174125622313,0.3766193408262904,24.0,0.13042924450705445,0.03635639902219981,-0.1757361416468729,1.59,Kotak Bluechip Fund - Regular - Growth,39.375
120507,0.07430320855847317,0.07392538786263403,0.07237539728384412,-3.6501838785684804,-7.2082337488982695,38.0,0.06746210411099539,-0.0004440926329707228,-0.0009773140045925555,0.74,ICICI Pru Liquid Fund - Regular - Growth,38.625
120844,0.07125369741102916,0.06694394239074852,0.06915272985067156,-4.000348969233409,-7.768003070332341,39.0,0.06455677495375998,-0.0004007442394784004,-0.0011629327956168556,0.6,Kotak Liquid Fund - Regular - Growth,38.0
118636,0.1046246278808034,0.04061259859840338,0.05316889625171273,-0.8505789759662293,-1.2383022198784406,36.0,0.05074772999976104,0.001256674273155852,-0.08316361763638702,0.55,Nippon India Gilt Securities Fund - Regular - Growth,35.875
119120,0.05525880326360788,0.05838988442093762,0.05889418716346717,-0.7430986305648412,-1.045909778283203,35.0,0.05620895216638369,-0.006413850728276472,-0.04328728923970093,0.77,SBI Magnum Gilt Fund - Regular Plan - Growth,35.0
100025,0.03707552701889649,0.03915479354684703,0.04458209619173137,-1.0399413574427756,-1.4612200367895025,37.0,0.042817920315060876,0.0011582183155281443,-0.04308263824636349,0.56,HDFC Short Term Debt Fund - Regular - Growth,33.125
101208,0.07241777200393584,0.06314299292105274,0.06509026855465327,-4.650400707150914,-8.741654278994412,40.0,0.060861457957871144,0.0002667096833823828,-0.0016224980244717857,0.79,ABSL Liquid Fund - Regular - Growth,32.875
120842,0.22518986942465924,0.0775416750547262,0.06701543482038463,-0.05816681141492242,-0.08069596764131778,29.0,0.0780443887615508,0.018056874208118162,-0.24003511326274884,1.56,Kotak Emerging Equity Fund - Regular - Growth,28.25
119599,0.13957994357447734,-0.01337083602283895,0.02054484701809378,-0.13617811182970382,-0.1900354205037957,31.0,0.048824215945539845,0.06200180438267165,-0.5257422117012851,0.72,SBI Small Cap Fund - Direct Plan - Growth,24.5625
119092,0.0161022963455828,0.005257668501786883,0.06367989237605243,-0.13100916883965186,-0.18918833169513885,30.0,0.0689952982167755,0.009730745001153628,-0.1440161790933726,1.64,Axis Bluechip Fund - Regular - Growth,23.1875
101207,-0.24000309180292634,-0.04151453816140693,0.07938764837247714,0.052618136475854844,0.07566830445152785,27.0,0.10897091901704538,-0.06528924788351524,-0.3544691649336603,1.53,ABSL Small Cap Fund - Regular - Growth,22.6875
119095,-0.42819495166622135,-0.11703299329834216,0.015215045330823962,-0.15165815861644164,-0.2163460093482832,32.0,0.048015953637759554,-0.066951174639292,-0.5167775370852656,1.38,Axis Small Cap Fund - Regular - Growth,17.875
102886,-0.16807959958672036,-0.007672319440258146,0.011717454918341197,-0.29488891285108904,-0.4205889785291456,33.0,0.028969397866379445,-0.042125029021894314,-0.2800112356639287,1.51,UTI Mid Cap Fund - Regular - Growth,16.1875
100016,-0.022257773892688015,0.012923525892154508,0.026370743672111008,-0.3210192604995429,-0.4728224084369744,34.0,0.03747580763443281,-0.05826843143880891,-0.24734440880673303,1.55,HDFC Top 100 Fund - Regular Plan - Growth,15.0
